Ruler,Label,Sequence,JeromeLabel
urn:cite:chron:j-alexandrians.ruler1,Ptolemy son of Lagus,1,"Aegypto primus regnavit PTOLEMAEUS, Lagi filius, annis XL."
urn:cite:chron:j-alexandrians.ruler2,Ptolemy Philadelphus,2,"Aegypti II, PTOLEMAEUS Philadelphus, annis XXXVIII"
urn:cite:chron:j-alexandrians.ruler3,Ptolemy Euergetes,3,"Aegypti III, PTOLEMAEUS EVERGETES, annis XXVI"
urn:cite:chron:j-alexandrians.ruler4,Ptolemy Philopator,4,"Aegypti PTOLEMAEUS PHILOPATOR, annis XVII"
urn:cite:chron:j-alexandrians.ruler5,Ptolemy Epiphanes,5,"Aegypti V, PTOLEMAEUS EPIPHANES, annis XXIV"
urn:cite:chron:j-alexandrians.ruler6,Ptolemy Philopator,6,"Aegypti VI, PTOLEMAEUS PHILOMETOR, annis XXXV"
urn:cite:chron:j-alexandrians.ruler7,Ptolemy VII (Euergetes 2),7,"Aegypti VII, PTOLEMAEUS EUERGETES, annis XXIX."
urn:cite:chron:j-alexandrians.ruler8,Ptolemy Physcon,8,"Aegypti VIII, PTOLEMAEUS PHYSCON, qui et Soter, annis XVII."
urn:cite:chron:j-alexandrians.ruler9,Ptolemy IX (Alexander),9,"Aegypti IX, PTOLEMAEUS, qui et Alexander, annis X."
urn:cite:chron:j-alexandrians.ruler10,Ptolemy X,10,"Aegypti X, PTOLEMAEUS, qui a matre fuerat ejectus, annis VIII"
urn:cite:chron:j-alexandrians.ruler12,Ptolemy New Dionysus,11,"Aegypti XI, PTOLEMAEUS DIONYSUS, annis XXX"
urn:cite:chron:j-alexandrians.ruler12,Cleopatra,12,"Aegypti XII, CLEOPATRA, annis XXII"
urn:cite:chron:j-argives.ruler1,Inachus,1,"His temporibus I apud Argos regnavit INACHUS, annis L."
urn:cite:chron:j-argives.ruler2,Phoroneus,2,"Argis II, PHORONEUS, annis LX."
urn:cite:chron:j-argives.ruler3,Apis,3,"Argivorum III, APIS, annis XXXV"
urn:cite:chron:j-argives.ruler4,Argus,4,"Argis IV, ARGUS, annis LXX."
urn:cite:chron:j-argives.ruler5,Criassus,5,"Argis V, CRIASSUS, annis LIV"
urn:cite:chron:j-argives.ruler6,Phorbas,6,"Argis VI, PHORBAS, annis XXXV."
urn:cite:chron:j-argives.ruler7,Triopas,7,"Argis VII, TRIOPAS annis XLVI"
urn:cite:chron:j-argives.ruler8,Crotopus,8,"Oris Pastoris filius, septimus ab Inacho. Argis VIII, CROTOPUS, annis XXI."
urn:cite:chron:j-argives.ruler9,Sthenelus,9,"Argis IX, STENELUS, annis XI."
urn:cite:chron:j-argives.ruler10,Danaus,10,"Argis X, DANAUS, annis L."
urn:cite:chron:j-argives.ruler11,Lynceus,11,"Argis XI, LYNCEUS, annis XLI."
urn:cite:chron:j-argives.ruler12,Abas,12,"Argivorum XII, ABAS, annis XXIII."
urn:cite:chron:j-argives.ruler13,Proetus,13,"Argis XIII, PROETUS, annis XVII."
urn:cite:chron:j-argives.ruler14,Acrisius,14,"Post quem XIV, ACRISIUS, annis XXXI."
urn:cite:chron:j-asia.ruler1,Demetrius Poliorcetes,1,"Asiae DEMETRIUS, qui et Poliorcetes, annis XVII"
urn:cite:chron:j-assyrians.ruler1,Ninus,1,"Primus omni Asiae, exceptis Indis, Ninus Beli filius regnavit annis LII. Hujus Nini XLIII anno imperii sui natus est Abraham."
urn:cite:chron:j-assyrians.ruler2,Semiramis,2,"Assyriorum II, SEMIRAMIS, regnavit annis 42"
urn:cite:chron:j-assyrians.ruler3,Zameis,3,"Assyriorum III, ZAMEIS, qui et Ninyas, filius Nini et Semiramidis, annis XXXVIII."
urn:cite:chron:j-assyrians.ruler4,Arius,4,"Assyriorum IV, ARIUS, XXX annis"
urn:cite:chron:j-assyrians.ruler5,Aralius,5,"Assyriorum V, ARALIUS, annis XL"
urn:cite:chron:j-assyrians.ruler6,Xerxes (Balaneus),6,"Assyriorum VI, XERXES, qui et Balaneus, annis XXX."
urn:cite:chron:j-assyrians.ruler7,Armamitres,7,"Assyriorum VII, ARMAMITRES annis. XXXVIII."
urn:cite:chron:j-assyrians.ruler8,Belocus,8,"Assyriorum VIII, BELOCUS annis XXXV."
urn:cite:chron:j-assyrians.ruler9,Baleus,9,"Assyriorum IX, BALEUS annis LII."
urn:cite:chron:j-assyrians.ruler10,Altadas,10,"Assyriorum X, ALTADAS, annis XXXII."
urn:cite:chron:j-assyrians.ruler11,Mamythus,11,"Assyriorum XI, MAMYTHUS, annis XXX"
urn:cite:chron:j-assyrians.ruler12,Machaleus,12,"Assyriorum XII, MACHALEUS, annis 30"
urn:cite:chron:j-assyrians.ruler13,Sphaerus,13,"Assyriorum XIII, SPHAERUS, annis XX"
urn:cite:chron:j-assyrians.ruler14,Mamylus,14,"Assyriorum XIV, MAMYLUS annis XXX."
urn:cite:chron:j-assyrians.ruler15,Sparetus,15,"Assyriorum XV SPARETUS annis XL"
urn:cite:chron:j-assyrians.ruler16,Ascatrades,16,"Assyriorum XVI, ASCATADES, annis XL"
urn:cite:chron:j-assyrians.ruler17,Amyntas,17,"Assyriorum XVII, AMYNTAS, annis XLV."
urn:cite:chron:j-assyrians.ruler18,Belochus,18,"Assyriorum XVIII, BELOCHUS, annis XXV."
urn:cite:chron:j-assyrians.ruler19,Bellepares,19,"Assyriorum XIX, BELLEPARES, annis XXX."
urn:cite:chron:j-assyrians.ruler20,Lamprides,20,"Assyriorum XX, LAMPRIDES, annis XXXII."
urn:cite:chron:j-assyrians.ruler21,Sosares,21,"Assyriorum XXI, SOSARES, annis XX."
urn:cite:chron:j-assyrians.ruler22,Lampares,22,"Assyriorum XXII, LAMPARES, annis XXX"
urn:cite:chron:j-assyrians.ruler23,Pannyas,23,"Assyriorum XXIII, PANNYAS, annis XLV."
urn:cite:chron:j-assyrians.ruler24,Sosarmus,24,"Assyriorum XXIV, SOSARMUS, annis XIX."
urn:cite:chron:j-assyrians.ruler25,Mithraeus,25,"Assyriorum XXV, MITHRAEUS, annis XXVII."
urn:cite:chron:j-assyrians.ruler26,Tautanes,26,"Assyriorum XXVI, TAUTANES, annis XXXII."
urn:cite:chron:j-assyrians.ruler27,Tateus,27,"Assyriorum XXVII, TAUTEUS, annis XL."
urn:cite:chron:j-assyrians.ruler28,Thinaeus,28,"Assyriorum XXVIII, THINAEUS, annis XXX."
urn:cite:chron:j-assyrians.ruler29,Dercylus,29,"Assyriorum XXIX, DERCYLUS, annis XL."
urn:cite:chron:j-assyrians.ruler30,Eupales,30,"Assyriorum XXX, EUPALES, annis XXXVIII."
urn:cite:chron:j-assyrians.ruler31,Laosthenes,31,"Assyriorum XXXI, LAOSTHENES, annis XLV."
urn:cite:chron:j-assyrians.ruler32,Piritiades,32,"Assyriorum XXXII, PIRITIADES, annis XXX."
urn:cite:chron:j-assyrians.ruler33,Ophratheus,33,"Assyriorum XXXIII, OPHRATHEUS, annis XX 1"
urn:cite:chron:j-assyrians.ruler34,Ophratanes,34,"Assyriorum XXXIV, OPHRATANES, annis L."
urn:cite:chron:j-assyrians.ruler35,Acrazapes,35,"Assyriorum XXXV, ACRAZAPES, annis XLII"
urn:cite:chron:j-assyrians.ruler36,Sardanapalus,36,"Assyriorum XXXVI, THONOS CONCOLEROS, qui vocabatur Graece Sardanapalus, annis XX."
urn:cite:chron:j-athenians.ruler1,Cecrops,1,"His temporibus in Acta, quae nunc Attica nuncupatur, primus regnavit CECROPS, qui et DIPHYES, an. L."
urn:cite:chron:j-athenians.ruler2,Cranaus,2,"Atheniensium II, CRANAUS, annis IX."
urn:cite:chron:j-athenians.ruler3,Amphictyon,3,"Atheniensium III, AMPHICTYON, annis X"
urn:cite:chron:j-athenians.ruler4,Erichthonius,4,"Atheniensium IV, ERICHTHONIUS, annis L."
urn:cite:chron:j-athenians.ruler5,Pandion,5,"Atheniensium V, PANDION, annis XL."
urn:cite:chron:j-athenians.ruler6,Ericthius,6,"Atheniensium VI, ERICHTHEUS, annis L."
urn:cite:chron:j-athenians.ruler7,Cecrops II,7,"Atheniensium VII, CECROPS secundus, annis XL."
urn:cite:chron:j-athenians.ruler8,Pandion,8,"Atheniensium VIII, PANDION, annis XXV."
urn:cite:chron:j-athenians.ruler9,Aegeus,9,"Atheniensium IX, AEGEUS, Pandionis filius, annis XLVIII."
urn:cite:chron:j-athenians.ruler10,Theseus,10,"Atheniensium X, THESEUS, annis XXX"
urn:cite:chron:j-athenians.ruler11,Menestheus,11,"Atheniensium XI, MENESTHEUS, [qui et] Peteo, annis XXIII."
urn:cite:chron:j-athenians.ruler12,Demophoon,12,"Menestheus moritur in Melo regrediens a capta Troja, post quem Athenis regnavit Demophoon."
urn:cite:chron:j-athenians.ruler13,Oxyntes,13,"Atheniensium XIII, OXYNTES, annis XII."
urn:cite:chron:j-athenians.ruler14,Aphydas,14,"Post quem XIV, APHIDAS, anno I."
urn:cite:chron:j-athenians.ruler15,Thymoetes,15,"Post quem XV, THYMOETES, annis VIII."
urn:cite:chron:j-athenians.ruler16,Melanthus,16,"Post quem XVI, MELANTHUS, annis XXXVII."
urn:cite:chron:j-athenians.ruler17,Codrus,17,"Atheniensium XVII, CODRUS Melanthi filius, annis XXI."
urn:cite:chron:j-athenians.ruler18,Medon,18,"Post quem, principes, quos mors finiebat: quorum primus MEDON, Codri filius, annis XX"
urn:cite:chron:j-athenians.ruler19,Acastus,19,"Atheniensium II, ACASTUS, annis XXXVI."
urn:cite:chron:j-athenians.ruler20,Archippus,20,"Atheniensium III, ARCHIPPUS, annis XIX."
urn:cite:chron:j-athenians.ruler21,Thersippus,21,"Atheniensium IV, THERSIPPUS, annis XLI."
urn:cite:chron:j-athenians.ruler22,Phorbas,22,"Atheniensium V, PHORBAS, annis XXXI"
urn:cite:chron:j-athenians.ruler23,Megacles,23,"Atheniensium VI, MEGACLES, annis XXX."
urn:cite:chron:j-athenians.ruler24,Diognetus,24,"Atheniensium VII, DIOGNETUS, annis XXVIII"
urn:cite:chron:j-athenians.ruler25,Phereclus,25,"Atheniensium VIII, PHERECLUS, annis XIX."
urn:cite:chron:j-athenians.ruler26,Ariphron,26,"Atheniensium IX, ARIPHRON, annis XX."
urn:cite:chron:j-athenians.ruler27,Thespieus,27,"Atheniensium X, THESPIEUS, annis XXVII."
urn:cite:chron:j-athenians.ruler28,Agamestor,28,"Atheniensium XI, AGAMESTOR, annis XX."
urn:cite:chron:j-athenians.ruler29,Aeschylus,29,"Atheniensium XII, AESCHYLUS, annis XXIII."
urn:cite:chron:j-athenians.ruler30,Alcmaeon,30,"Atheniensium XIII, ALCMAEON, annis II."
urn:cite:chron:j-athenians.ruler31,Charops,31,"XIV Atheniensium, CHAROPS, annis X."
urn:cite:chron:j-athenians.ruler32,Aesimedes,32,"Atheniensium XV, AESIMEDES, annis X"
urn:cite:chron:j-athenians.ruler33,Clidicus,33,"Post quem CLIDICUS , annis X. Annus I."
urn:cite:chron:j-athenians.ruler34,Hippomenes,34,"Post quem, HIPPOMENES, annis X."
urn:cite:chron:j-athenians.ruler35,Leocrates,35,"Atheniensium XVIII, LEOCRATES, annis X."
urn:cite:chron:j-athenians.ruler36,Apsander,36,"Post quem APSANDER, annis X."
urn:cite:chron:j-athenians.ruler37,Eryxias,37,"Atheniensium XX, ERYXIAS, annis X."
urn:cite:chron:j-corinthians.ruler1,Alethis,1,"Corinthi regnavit primus ALETHIS, annis XXXV."
urn:cite:chron:j-corinthians.ruler2,Ixion,2,"Corinthi II, IXION, annis XXXVII."
urn:cite:chron:j-corinthians.ruler3,Agelaus,3,"Corinthiorum III, AGELAUS, annis XXXVII."
urn:cite:chron:j-corinthians.ruler4,Pryminas,4,"Corinthiorum IV, PRYMINAS, annis XXXV."
urn:cite:chron:j-corinthians.ruler5,Bacchis,5,"Corinthiorum V, BACCHIS, annis XXXV."
urn:cite:chron:j-corinthians.ruler6,Agelas,6,"Corinthiorum VI, AGELAS, annis XXX."
urn:cite:chron:j-corinthians.ruler7,Eudemus,7,"Corinthiorum VII, EUDEMUS, annis XXV."
urn:cite:chron:j-corinthians.ruler8,Aristomedes,8,"Corinthiorum VIII, ARISTOMEDES, annis XXXV"
urn:cite:chron:j-corinthians.ruler9,Agemon,9,"Corinthiorum IX, AGEMON, annis XVI."
urn:cite:chron:j-corinthians.ruler10,Alexander,10,"Corinthiorum X, ALEXANDER, annis XXV."
urn:cite:chron:j-corinthians.ruler11,Telestes,11,"Corinthiorum XI, TELESTES, annis XII."
urn:cite:chron:j-corinthians.ruler12,Automenes,12,"Post quem AUTOMENES , anno I."
urn:cite:chron:j-egyptians.ruler1,,1,"Porro apud Aegyptios XVI potestas erat quam vocant dynastiam quo tempore regnabant Thebaei annis CXC."
urn:cite:chron:j-egyptians.ruler2,,2,"Aegyptiorum XVII DYNASTIA, quo tempore regnabant Pastores annis CIII"
urn:cite:chron:j-egyptians.ruler3,,3,"Aegyptiorum XVII DYNASTIA Diospolitanorum, annis CCCXLVIII, quorum primus AMASIS annis XXV."
urn:cite:chron:j-egyptians.ruler4,,4,"(Aegypti) CHEBRON, (annis) XIII."
urn:cite:chron:j-egyptians.ruler5,,5,"Aegypti, AMENOPHIS, annis XXI"
urn:cite:chron:j-egyptians.ruler6,,6,"Aegypti, MEPHRES, annis XII"
urn:cite:chron:j-egyptians.ruler7,,7,"Aegypti, MISPHARMUTHOSIS, annis XXVI"
urn:cite:chron:j-egyptians.ruler8,,8,"Aegypti, TUTHMOSIS, annis IX."
urn:cite:chron:j-egyptians.ruler9,,9,"Aegypti, AMENOPHIS, annis XXXI"
urn:cite:chron:j-egyptians.ruler10,,10,"Aegyptiis Orus, XVIII annis"
urn:cite:chron:j-egyptians.ruler11,,11,"Aegypti, ACHENCHERES, annis XII"
urn:cite:chron:j-egyptians.ruler12,,12,"Athoris, for 9 years"
urn:cite:chron:j-egyptians.ruler13,,13,"Aegypti, CHENCRES, annis XVI 1"
urn:cite:chron:j-egyptians.ruler14,,14,"Aegypti, ACHERRES, annis VIII."
urn:cite:chron:j-egyptians.ruler15,,15,"Aegypti, CHERRES, annis XV."
urn:cite:chron:j-egyptians.ruler16,,16,"Aegypti, ARMAIS, qui et Danaus, annis V."
urn:cite:chron:j-egyptians.ruler17,,17,"Post quem, Ramesses, qui et Aegyptus, annis LXVIII."
urn:cite:chron:j-egyptians.ruler18,,18,"Aegypti, MENOPHIS, annis XL."
urn:cite:chron:j-egyptians.ruler19,,19,"Aegypti XIX DYNASTIA, quorum primus ZETHUS, annis LV."
urn:cite:chron:j-egyptians.ruler20,,20,"Aegypti, RAMSES, annis LXVI."
urn:cite:chron:j-egyptians.ruler21,,21,"Aegyptiorum, AMENOPHIS, annis XL."
urn:cite:chron:j-egyptians.ruler22,,22,"Aegyptiorum, AMMENEMES, annis XXVI"
urn:cite:chron:j-egyptians.ruler23,,23,"Aegypti, THUORIS, annis VII."
urn:cite:chron:j-egyptians.ruler24,,24,"In Aegypto, XXI dynastia, regnavit SMENDIS, annis XXVI."
urn:cite:chron:j-egyptians.ruler25,,25,"Post quem PSEUSENNES, annis XLI."
urn:cite:chron:j-egyptians.ruler26,,26,"Aegypti, NEPHERCHERES, annis IV."
urn:cite:chron:j-egyptians.ruler27,,27,"AMMENOPHIS, annis IX."
urn:cite:chron:j-egyptians.ruler28,,28,"OSOCHOR, annis VI."
urn:cite:chron:j-egyptians.ruler29,,29,"PSINACES, annis IX"
urn:cite:chron:j-egyptians.ruler30,,30,"Aegypti, PSUSENNES, annis XXXV."
urn:cite:chron:j-egyptians.ruler31,,31,"Aegypti XXII dynastia, SESONCHOSIS, annis XXI."
urn:cite:chron:j-egyptians.ruler32,,32,"Aegypti, OSORTHON, annis XV."
urn:cite:chron:j-egyptians.ruler33,,33,"Post quem TACHELOTIS, annis XIII."
urn:cite:chron:j-egyptians.ruler34,,34,"Aegypti XXIII dynastia, PETUBASTIS, annis XXV"
urn:cite:chron:j-egyptians.ruler35,,35,"Post quem PSAMMUS, annis X."
urn:cite:chron:j-egyptians.ruler36,,36,"Dynastia XXIV, BOCCHORUS, annis XLIV."
urn:cite:chron:j-egyptians.ruler37,,37,"Aegypti XXV Dynastia, SABACHON Aethiops, annis XII."
urn:cite:chron:j-egyptians.ruler38,,38,"Aegypti SEBICHUS, annis XII."
urn:cite:chron:j-egyptians.ruler39,,39,"Aegypti TARACHUS Aethiops, annis XX."
urn:cite:chron:j-egyptians.ruler40,,40,"Aegypti XXVI dynastia,MERRES AETHIOPS regnavit annis XI."
urn:cite:chron:j-egyptians.ruler41,,41,"STEPHINATIS, annis VII."
urn:cite:chron:j-egyptians.ruler42,,42,"Post quem NECHAO, annis VIII."
urn:cite:chron:j-egyptians.ruler43,,43,"PSAMMETICHUS, annis XLIV."
urn:cite:chron:j-egyptians.ruler44,,44,"Aegypti NECHAO secundus, qui et NECHEPSOS, annis VI."
urn:cite:chron:j-egyptians.ruler45,,45,"Aegypti AMASIS annis XLII."
urn:cite:chron:j-egyptians.ruler46,,46,"Aegypti XXVII dynastia Persarum, obtinuit quippe Aegyptum Cambyses in anno V regni sui, usque ad Darium filium Xerxis, annis CXI"
urn:cite:chron:j-egyptians.ruler47,,47,"XXVIII Aegypti dynastia. NEPHERITES, annis VI."
urn:cite:chron:j-egyptians.ruler48,,48,"Post quem ACHORIS, annis XII."
urn:cite:chron:j-egyptians.ruler49,,49,"Aegypti PSAMUTHES, anno I."
urn:cite:chron:j-egyptians.ruler50,,50,"NECTANEBUS, annis XVIII."
urn:cite:chron:j-egyptians.ruler51,,51,"Aegypti THEO, annis II."
urn:cite:chron:j-hebrews.ruler1,,1,"In hujus imperio apud Hebraeos nascitur Abraham, qui cum C esset annorum genuit Isaac Abraham."
urn:cite:chron:j-hebrews.ruler2,,2,"Hebraeorum Isaac filius Abraham: LX aetatis suae anno generate Jacob."
urn:cite:chron:j-hebrews.ruler3,,3,"Hebraeorum JACOB filius Isaac usque ad principatum filii Joseph annis CXXI."
urn:cite:chron:j-hebrews.ruler4,,4,"Hebraeorum JOSEPH dux Aegypti, annis LXXX"
urn:cite:chron:j-hebrews.ruler5,,5,"( 1)"
urn:cite:chron:j-hebrews.ruler6,,6,"Hebraeorum servitutis in Aegypto, annis 144."
urn:cite:chron:j-hebrews.ruler7,,7,"Hebraeorum, post Mosen dux constituitur JESUS, annis XXVII"
urn:cite:chron:j-hebrews.ruler8,,8,"Judaeorum I iudex, GOTHONIE, annis XL."
urn:cite:chron:j-hebrews.ruler9,,9,"Hebraeorum, AOD, annis LXXX."
urn:cite:chron:j-hebrews.ruler10,,10,"Hebraeorum, Debbora cum Barach, annis XL."
urn:cite:chron:j-hebrews.ruler11,,11,"Hebraeorum, GEDEON, annis XL."
urn:cite:chron:j-hebrews.ruler12,,12,"Hebraeorum, ABIMELECH, annis III, filius Gedeonis"
urn:cite:chron:j-hebrews.ruler13,,13,"Post quem THOLA, annis XXII"
urn:cite:chron:j-hebrews.ruler14,,14,"Post quem JAIR, annis XXII, ex tribu Manasse."
urn:cite:chron:j-hebrews.ruler15,,15,"Post quem HESEBON annis VII."
urn:cite:chron:j-hebrews.ruler16,,16,"Hebraeorum, LABDON, annis VIII."
urn:cite:chron:j-hebrews.ruler17,,17,"Post quem SAMSON, annis XX."
urn:cite:chron:j-hebrews.ruler18,,18,"Post quem, HELI Sacerdos annis XL."
urn:cite:chron:j-hebrews.ruler19,,19,"Hebraeorum, SAMUEL et SAUL, annis XL."
urn:cite:chron:j-hebrews.ruler20,,20,"Hebraeorum rex primus, ex tribu Juda DAVID, annis XL."
urn:cite:chron:j-hebrews.ruler21,,21,"Hebraeorum II, SOLOMON filius David, annis XL."
urn:cite:chron:j-hebrews.ruler22,,22,"Hebraeorum Juda XVII, HAMMON, annis XII"
urn:cite:chron:j-hebrews.ruler23,,23,"Post quem in Juda XVIII, JOSIAS, annis XXXII."
urn:cite:chron:j-hebrews.ruler24,,24,"Hebraeorum Judae JOACHIM, qui et Jechonias, mensibus III. Post quem SEDECHIAS, annis XI."
urn:cite:chron:j-israel.ruler1,,1,"Apud Hebraeos, qui in Samaria erant et vocabantur Israel, primus regnavit JEROBOAM, annis XXII."
urn:cite:chron:j-israel.ruler2,,2,"Hebraeorum Israel II, NADAB, annis II."
urn:cite:chron:j-israel.ruler3,,3,"Post quem III, BAASA, annis XXIV."
urn:cite:chron:j-israel.ruler4,,4,"Post quem IV, HELA, annis II"
urn:cite:chron:j-israel.ruler5,,5,"Post quem V, AMBRI, annis XII."
urn:cite:chron:j-israel.ruler6,,6,"Hebraeorum Israel VI, ACHAB, annis XXII."
urn:cite:chron:j-israel.ruler7,,7,"Hebraeorum Israhel VII, OCHOZIAS, annis II."
urn:cite:chron:j-israel.ruler8,,8,"Post quem VIII, JORAM, annis XII."
urn:cite:chron:j-israel.ruler9,,9,"Post quem, HIEU, annis XXVIII."
urn:cite:chron:j-israel.ruler10,,10,"Israhel X, JOACHAB, annis XVII"
urn:cite:chron:j-israel.ruler11,,11,"Israel XI, JOAS, annis XVI."
urn:cite:chron:j-israel.ruler12,,12,"Post quem XII, JEROBOAM, annis XLI."
urn:cite:chron:j-israel.ruler13,,13,"Israhel XIII ZACHARIAS, mensibus VI. Post quem SELLUM, dies III. Post quem MANAEM, annis X."
urn:cite:chron:j-israel.ruler14,,14,"Post quem PHACEAS, annis X."
urn:cite:chron:j-israel.ruler15,,15,"Israel, PHACEE, annis XX."
urn:cite:chron:j-israel.ruler16,,16,"Israhel OSEE, annis IX."
urn:cite:chron:j-juda.ruler1,,1,"Hebraeorum III, ROBOAM, annis XVII."
urn:cite:chron:j-juda.ruler2,,2,"Post quem IV, ABIA, annis III."
urn:cite:chron:j-juda.ruler3,,3,"Post quem V, ASA, annis XLI, iustus."
urn:cite:chron:j-juda.ruler4,,4,"Hebraeorum Juda VI, JOSAPHAT, annis XXV, iustus."
urn:cite:chron:j-juda.ruler5,,5,"Hebraeorum Judae VII, JORAM, annis VIII."
urn:cite:chron:j-juda.ruler6,,6,"Postquem VIII, OCHOZIAS, anno I"
urn:cite:chron:j-juda.ruler7,,7,"Post quem GOTHOLIA mater, annis VII"
urn:cite:chron:j-juda.ruler8,,8,"Post quam, JOAS, annis XL."
urn:cite:chron:j-juda.ruler9,,9,"Hebraeorum Juda XI, AMASIAS, annis XXIX."
urn:cite:chron:j-juda.ruler10,,10,"Hebraeorum Juda XII, AZARIAS, qui et Ozias, annis LII."
urn:cite:chron:j-juda.ruler11,,11,"Hebraeorum Judae, JOATHAM, annis XVI."
urn:cite:chron:j-juda.ruler12,,12,"Hebraeorum Judae XIV, ACHAS, annis XVI."
urn:cite:chron:j-juda.ruler13,,13,"Hebraeorum Juda XV, EZECHIAS, annis XXIX."
urn:cite:chron:j-juda.ruler14,,14,"Hebraeorum Juda XVI, MANASSES, annis LV."
urn:cite:chron:j-judaeans.ruler1,,1,"Judaeorum dux, JUDAS [MACHABAEUS], annis III."
urn:cite:chron:j-judaeans.ruler2,,2,"Judaeorum dux, JONATHAS, annis XIX"
urn:cite:chron:j-judaeans.ruler3,,3,"Judaeorum dux, SIMON, annis VIII."
urn:cite:chron:j-judaeans.ruler4,,4,"Judaeorum, HYRCANUS, qui et Joannes, annis XXVI."
urn:cite:chron:j-judaeans.ruler5,,5,"Judaeorum ARISTOBOLUS, anno I."
urn:cite:chron:j-judaeans.ruler6,,6,"Post quem JANNAEUS, qui et ALEXANDER, annis XXVII."
urn:cite:chron:j-judaeans.ruler7,,7,"Judaeorum regnavit ALEXANDRA, annis IX."
urn:cite:chron:j-judaeans.ruler8,,8,"Judaei Romanorum vectigales per Pompeium facti, et pontificatum apud eos suscepit HYRCANUS, annis XXXIV."
urn:cite:chron:j-judaeans.ruler9,,9,"Judaeis regnavit HERODES alienigena, Deficiente Pontificum principatu, annis XXXVII."
urn:cite:chron:j-judaeans.ruler10,,10,"Aegypti regnum, quod fuit in Alexandria, destructum est."
urn:cite:chron:j-judaeans.ruler11,,11,"Judaeorum dux, ARCHELAUS, annis IX"
urn:cite:chron:j-judaeans.ruler12,,12,"Judaeorum principatum tenet HERODES Tetrarcha annis XXIV"
urn:cite:chron:j-judaeans.ruler13,,13,"Judaeorum princeps, AGRIPPA, annis VII"
urn:cite:chron:j-judaeans.ruler14,,14,"Judaeorum rex, AGRIPPA, annis XXVI"
urn:cite:chron:j-lacedaemonians.ruler1,Eurystheus,1,"In Lacedaemone regnavit primus EURYSTHEUS, annis XLII."
urn:cite:chron:j-lacedaemonians.ruler2,Agis,2,"Lacedaemoniorum II, AGIS, anno I."
urn:cite:chron:j-lacedaemonians.ruler3,Echestratus,3,"Post quem, ECHESTRATUS, annis XXXV."
urn:cite:chron:j-lacedaemonians.ruler4,Labotes,4,"Lacedaemoniorum IV, LABOTES, annis XXXVII."
urn:cite:chron:j-lacedaemonians.ruler5,Doristhus,5,"Lacedaemoniorum V, DORISTHUS, annis XXIX."
urn:cite:chron:j-lacedaemonians.ruler6,Agesilaus,6,"Lacedaemoniorum VI, AGESILAUS, annis XLIV"
urn:cite:chron:j-lacedaemonians.ruler7,Archelaus,7,"Lacedaemoniorum VII, ARCHELAUS, annis LX."
urn:cite:chron:j-lacedaemonians.ruler8,Teleclus,8,"Lacedaemoniorum VIII, TELECLUS, annis XL."
urn:cite:chron:j-lacedaemonians.ruler9,Alcamenes,9,"Lacedaemoniorum, ALCAMENES, 1 annis XXXVII."
urn:cite:chron:j-latins.ruler1,Aeneas,1,"LATINIS, qui postea Romani nuncupati sunt, post tertium annum captivitatis Troiae, sive, ut quidam volunt, post VIII regnavit AENEAS, annis III."
urn:cite:chron:j-latins.ruler2,Ascanius,2,"Post quem, II ASCANIUS, annis XXXVIII."
urn:cite:chron:j-latins.ruler3,Silvius,3,"Latinorum III, SYLVIUS Aeneae filius, annis XXIX."
urn:cite:chron:j-latins.ruler4,Aeneas Silvius,4,"Latinorum IV, AENEAS SYLVIUS, annis XXXI."
urn:cite:chron:j-latins.ruler5,Latinus Silvius,5,"Latinorum V, LATINUS SYLVIUS, annis L."
urn:cite:chron:j-latins.ruler6,Alba Silvius,6,"Latinorum VI, ALBA SYLVIUS, Sylvii Aeneae filius, annis XXXIX."
urn:cite:chron:j-latins.ruler7,Aegyptus Silvius,7,"Latinorum VII, AEGYPTUS SYLVIUS, annis XXIV."
urn:cite:chron:j-latins.ruler8,Capis Silvius,8,"Latinorum VIII, CAPIS SYLVIUS, annis XXVIII."
urn:cite:chron:j-latins.ruler9,Carpentus Silvius,9,"Latinorum IX, CARPENTUS SYLVIUS, annis XIII"
urn:cite:chron:j-latins.ruler10,Tiberinus Silvius,10,"Post quem, TIBERINUS SYLVIUS, annis VIII."
urn:cite:chron:j-latins.ruler11,Agrippa Silvius,11,"Latinorum XI, AGRIPPA SYLVIUS, annis XL."
urn:cite:chron:j-latins.ruler12,Aremulus Silvius,12,"Latinorum XII, AREMULUS SYLVIUS, annis XIX."
urn:cite:chron:j-latins.ruler13,Aventinus Silvius,13,"Latinorum XIII, AVENTINUS SYLVIUS, annis XXXVII."
urn:cite:chron:j-latins.ruler14,Procas Silvius,14,"Latinorum XIV, PROCAS SYLVIUS, annis XXIII."
urn:cite:chron:j-latins.ruler15,Amulius Silvius,15,"Latinorum XV, AMULIUS SILVIUS, annis XLIV."
urn:cite:chron:j-latins.ruler16,Romulus,16,"ROMULUS Romanorum, annis XXXVIII"
urn:cite:chron:j-latins.ruler17,Numa Pompilius,17,"Romanorum II, NUMA POMPILIUS, annis XLI."
urn:cite:chron:j-latins.ruler18,Tullus Hostilius,18,"Romanorum III, TULLUS HOSTILIUS, annis XXXII."
urn:cite:chron:j-latins.ruler19,Ancus Martius,19,"Romanorum IV, ANCUS MARTIUS, annis XXIII."
urn:cite:chron:j-latins.ruler20,Tarquinius Priscus,20,"Romanorum V, TARQUINIUS PRISCUS, annis XXXVII."
urn:cite:chron:j-latins.ruler21,Servius,21,"Romanorum VI, SERVIUS, annis XXXIV."
urn:cite:chron:j-latins.ruler22,Tarquinius,22,"Romanorum VII, TARQUINIUS, annis XXXV"
urn:cite:chron:j-lydians.ruler1,Ardisius,1,"Lydorum primus rex, ARDISUS filius Alyattis, annis XXXVI."
urn:cite:chron:j-lydians.ruler2,Alyattes,2,"Lydorum II, ALYATTES, annis XIV"
urn:cite:chron:j-lydians.ruler3,Meles,3,"Lydorum III, MELES, annis XII."
urn:cite:chron:j-lydians.ruler4,Candaules,4,"Lydorum IV, CANDAULES, annis XVII."
urn:cite:chron:j-lydians.ruler5,Gyges,5,"Post quem GYGES, annis XXXV"
urn:cite:chron:j-lydians.ruler6,Ardys,6,"Lydorum VI, ARDYS, annis XXXVII."
urn:cite:chron:j-lydians.ruler7,Sadyattes,7,"Lydorum VII, SADYATTES, annis XV."
urn:cite:chron:j-lydians.ruler8,Alyattes,8,"Lydorum VIII, ALYATTES, annis IL."
urn:cite:chron:j-lydians.ruler9,Croesus,9,"Lydorum IX, CROESUS, annis XV."
urn:cite:chron:j-macedonians.ruler1,Caranus,1,"Macedonum primus rex CARANUS, annis XXVIII."
urn:cite:chron:j-macedonians.ruler2,Coenus,2,"Macedonum II, COENUS, annis XII."
urn:cite:chron:j-macedonians.ruler3,Tyrimas,3,"Macedonum III, TYRIMAS, annis XXXVIII."
urn:cite:chron:j-macedonians.ruler4,Perdiccas,4,"Macedonum IV, PERDICA, annis LI."
urn:cite:chron:j-macedonians.ruler5,Argaeus,5,"Macedonum V, ARGAEUS, annis XXXVIII."
urn:cite:chron:j-macedonians.ruler6,Philip,6,"Macedonum VI, PHILIPPUS, annis XXXVIII."
urn:cite:chron:j-macedonians.ruler7,Europus,7,"Macedonum VII, EUROPUS, annis XXVI."
urn:cite:chron:j-macedonians.ruler8,Alcetas,8,"Macedonum VIII, ALCETAS, annis XXIX."
urn:cite:chron:j-macedonians.ruler9,Amyntas,9,"Macedonum IX, AMYNTAS, annis L."
urn:cite:chron:j-macedonians.ruler10,Alexander,10,"Macedonum X, ALEXANDER, annis XLIII"
urn:cite:chron:j-macedonians.ruler11,Perdiccas,11,"Of the Macedonum, Perdiccas, for 28 years."
urn:cite:chron:j-macedonians.ruler12,Archelaus,12,"Macedonum XII, ARCHELAUS annis XXIV."
urn:cite:chron:j-macedonians.ruler13,Archelaus,13,"Macedonum XIII, ARCHELAUS, annis IV."
urn:cite:chron:j-macedonians.ruler14,Amyntas,14,"Macedonum XIV, AMYNTAS, anno I."
urn:cite:chron:j-macedonians.ruler15,Pausanias,15,"Post quem PAUSANIAS, anno I."
urn:cite:chron:j-macedonians.ruler16,Amyntas,16,"Post quem, AMYNTAS, annis VI."
urn:cite:chron:j-macedonians.ruler17,Argeus,17,"Post quem, ARGEUS, annis II."
urn:cite:chron:j-macedonians.ruler18,Amyntas,18,"Post quem rursum AMYNTAS, annis XVIII."
urn:cite:chron:j-macedonians.ruler19,Alexander,19,"Macedonum ALEXANDER, anno I."
urn:cite:chron:j-macedonians.ruler20,Philip,20,"Post quem Macedonum, PHILIPPUS, annis XXVII."
urn:cite:chron:j-macedonians.ruler21,Alexander,21,"Alexander regnum Asiae anno regni sui VII occupat, et tenet omnia annis XII."
urn:cite:chron:j-macedonians.ruler22,Philip Arrhidaeus,22,"Macedonibus regnavit PHILIPPUS, qui et Aridaeus, frater Alexandri, annis VII."
urn:cite:chron:j-macedonians.ruler23,Cassander,23,"Macedonum CASSANDER, annis XIX."
urn:cite:chron:j-macedonians.ruler24,Anigonus and Alexander,24,"Macedonum filii Cassandri, annis IV, ANTIGONUS et ALEXANDER."
urn:cite:chron:j-macedonians.ruler25,Lysimachus,25,"Post quem, LYSIMACHUS, annis V."
urn:cite:chron:j-macedonians.ruler26,Ptolemy the Thunderbolt,26,"Macedonum PTOLEMAEUS, cognomento ΚΕΡΑΥΝΟΣ."
urn:cite:chron:j-macedonians.ruler27,Meleager,27,"MELEAGRUS, menses II. ANTIPATER, dies XLV. Post quem SOSTHENES annis II."
urn:cite:chron:j-macedonians.ruler28,Antigonus Gonatas,28,"ANTIGONUS GONATAS, annis XXXVI."
urn:cite:chron:j-macedonians.ruler29,Demetrius,29,"Macedonum DEMETRIUS, annis X."
urn:cite:chron:j-macedonians.ruler30,Antigonus,30,"Macedonum ANTIGONUS, annis 15."
urn:cite:chron:j-macedonians.ruler31,Philip,31,"Macedonum PHILIPPUS, annis XLII"
urn:cite:chron:j-macedonians.ruler32,Perseus,32,"Macedonum PERSES, annis X."



urn:cite:chron:j-medes.ruler1,Arbaces,1,"Medis regnavit ARBACES, annis XXVIII."
urn:cite:chron:j-medes.ruler2,Sosarmus,2,"Medorum II, SOSARMUS, annis XXX."
urn:cite:chron:j-medes.ruler3,Medidus,3,"Medorum III, MEDIDUS, annis XL."
urn:cite:chron:j-medes.ruler4,Cardiceas,4,"Medorum IV, CARDICEAS, annis XIII"
urn:cite:chron:j-medes.ruler5,Diocles,5,"Medorum V, DIOCLES, annis LIV."
urn:cite:chron:j-medes.ruler6,Phraortes,6,"Medorum VI, PHRAORTES, annis XXIV"
urn:cite:chron:j-medes.ruler7,Cyaxares,7,"Medorum VII, CYAXARES, annis XXXII."
urn:cite:chron:j-medes.ruler8,Astyages,8,"Medorum VIII, ASTYAGES, annis XXXVIII."
urn:cite:chron:j-mycenaeans.ruler1,Eurystheus,1,"In Mycenas ab arcis imperio translato post Acrisium regnavit Eurystheus filius Stheneli, annis XLV."
urn:cite:chron:j-mycenaeans.ruler2,Atreus and Thyestes,2,"Mycenarum, ATREUS et Thyestes, annis LXV."
urn:cite:chron:j-mycenaeans.ruler3,Agamemnon,3,"Mycenarum, AGAMEMNON, annis XXXV."
urn:cite:chron:j-persians.ruler1,Cyrus,1,"Persarum I, CYRUS, annis XXX."
urn:cite:chron:j-persians.ruler2,Cambyses,2,"Persarum II, CAMBYSES, annis VIII"
urn:cite:chron:j-persians.ruler3,Darius,3,"Persarum III, duo fratres magi, menses VII, post quos (IV,) DARIUS, annis XXXVI"
urn:cite:chron:j-persians.ruler4,Xerxes,4,"Persarum V, XERXES, filius Darii, annis XX."
urn:cite:chron:j-persians.ruler5,Artaxerxes Longimanus,5,"Persarum VI, ARTABANUS, menses VII, [qui menses in ordine annus reputantur]. Post quem ARTAXERXES VII, qui Longimanus cognominabatur, annis XL."
urn:cite:chron:j-persians.ruler6,Darius Nothus,6,"Persarum VIII, secundus XERXES, menses II. Post quem IX SOGDIANUS, menses VII. Cui succedit X DARIUS, cognomento Nothus, annis XIX."
urn:cite:chron:j-persians.ruler7,Artaxerxes Mnemon,7,"Persarum XI, ARTAXERXES, qui cognominatus est Mnemon, Darii et Parysatidis filius, annis XL."
urn:cite:chron:j-persians.ruler8,Artaxerxes Ochus,8,"Persarum XII, ARTAXERXES, qui et OCHUS, annis XXVI"
urn:cite:chron:j-persians.ruler9,Arses,9,"Persarum XIII, ARSES , Ochi filius, annis IV."
urn:cite:chron:j-persians.ruler10,Darius,10,"Post quem DARIUS, XIV, Arsami filius, annis VI."
urn:cite:chron:j-romans.ruler1,Julius Caesar,1,"Romanorum primus, C. JULIUS CAESAR, annis IV, menses VII"
urn:cite:chron:j-romans.ruler2,Augustus,2,"Romanorum II, regnavit OCTAVIANUS CAESAR Augustus, annis LVI, menses VI (A quo "Augusti" Romanorum reges appellati)"
urn:cite:chron:j-romans.ruler3,Tiberius,3,"Romanorum III, TIBERIUS regnavit annis XXIII"
urn:cite:chron:j-romans.ruler4,Caligula,4,"Romanorum IV, GAIUS CALIGULA, regnavit annis III, menses X."
urn:cite:chron:j-romans.ruler5,Claudius,5,"Romanorum V, CLAUDIUS, regnavit annis XIII, mensibus VIII, diebus XXVIII."
urn:cite:chron:j-romans.ruler6,Nero,6,"Romanorum VI, NERO regnavit annis XIII, mensibus VII, diebus XXVIII."
urn:cite:chron:j-romans.ruler7,Vespasian,7,"Romanorum VII, VESPASIANUS regnavit annis IX, mensibus XI, diebus XXII."
urn:cite:chron:j-romans.ruler8,Titus,8,"Romanorum VIII, TITUS, regnavit annis II, mensibus II."
urn:cite:chron:j-romans.ruler9,Domitian,9,"Romanorum IX, DOMITIANUS, regnavit annis XV, mensibus V."
urn:cite:chron:j-romans.ruler10,Nerva,10,"Romanorum X, NERVA, regnavit anno uno, mensibus IV."
urn:cite:chron:j-romans.ruler11,Trajan,11,"Romanorum XI, TRAJANUS, regnavit annis XIX, mensibus VI."
urn:cite:chron:j-romans.ruler12,Hadrian,12,"Romanorum XII, HADRIANUS, regnavit annis XXI"
urn:cite:chron:j-romans.ruler13,Antoninus Pius,13,"Romanorum XIII, T. ANTONINUS, cognomento Pius, cum liberis suis Aurelio et Lucio regnavit, annis XXII, mensibus III."
urn:cite:chron:j-romans.ruler14,Verus and Commodus,14,"Romanorum XIV, MARCUS ANTONINUS, qui et VERUS, regnavit; et L. AURELIUS COMMODUS, annis XIX, mense uno."
urn:cite:chron:j-romans.ruler15,Commodus,15,"Romanorum XV, COMMODUS, regnavit annis XIII."
urn:cite:chron:j-romans.ruler16,Pertinax,16,"Romanorum XVI, AELIUS PERTINAX, regnavit mensibus VI."
urn:cite:chron:j-romans.ruler17,Septimius Severus,17,"Romanorum XVII, SEVERUS, regnavit annis XVIII."
urn:cite:chron:j-romans.ruler18,Caracalla,18,"Romanorum XVIII, ANTONINUS cognomento CARACALLA, Severi filius, regnavit annis VII."
urn:cite:chron:j-romans.ruler19,Macrinus,19,"Romanorum XIX, MACRINUS, regnavit anno uno."
urn:cite:chron:j-romans.ruler20,Antoninus,20,"Romanorum XX, MARCUS AURELIUS ANTONINUS, regnavit annis IV."
urn:cite:chron:j-romans.ruler21,Alexander,21,"Romanorum XXI, ALEXANDER, Mamaeae filius, regnavit annis XIII."
urn:cite:chron:j-romans.ruler22,Maximinus,22,"Romanorum XXII, MAXIMINUS, regnavit annis III."
urn:cite:chron:j-romans.ruler23,Gordian,23,"Romanorum XXIII, GORDIANUS 1, regnavit annis 6."
urn:cite:chron:j-romans.ruler24,Philip the Arab,24,"Romanorum XXIV, PHILIPPUS, regnavit annis VII."
urn:cite:chron:j-romans.ruler25,Decius,25,"Romanorum XXV, DECIUS, regnavit anno uno, mensibus III."
urn:cite:chron:j-romans.ruler26,Gallus and Volusian,26,"Romanorum XXVI, GALLUS et VOLUSIANUS Galli filius, regnaverunt annis II, mensibus IV."
urn:cite:chron:j-romans.ruler27,Valerian and Gallienus,27,"Romanorum XXVII, VALERIANUS et GALLIENUS, regnaverunt annis XV."
urn:cite:chron:j-romans.ruler28,Claudius Gothicus,28,"Romanorum XXVIII, CLAUDIUS, regnavit anno uno, mensibus IX."
urn:cite:chron:j-romans.ruler29,Aurelian,29,"Romanorum XXIX, AURELIANUS, regnavit annis V, mensibus VI."
urn:cite:chron:j-romans.ruler30,Tacitus,30,"Romanorum XXX, TACITUS, regnavit menses VI ."
urn:cite:chron:j-romans.ruler31,Probus,31,"Romanorum XXXI, PROBUS, regnavit annis VI, menses IV."
urn:cite:chron:j-romans.ruler32,Carus,32,"Romanorum XXXII, CARUS cum filiis CARINO et NUMERIANO, annis II."
urn:cite:chron:j-sicyonians.ruler1,Europs,1,"In Graecia vero secundus Sicyoniis imperavit Europs annis XLV. Cujus regni XXII anno natus est Abraham."
urn:cite:chron:j-sicyonians.ruler2,Telchin,2,"Sicyoniorum III, TELCHIN, annis XX."
urn:cite:chron:j-sicyonians.ruler3,Apis,3,"Sicyoniorum IV, APIS, annis XXV"
urn:cite:chron:j-sicyonians.ruler4,Thelxion,4,"Sicyoniorum V, THELXION, annis. LII."
urn:cite:chron:j-sicyonians.ruler5,Aegydrus,5,"Sicyoniorum VI, AEGYDRUS, annis XXXIV"
urn:cite:chron:j-sicyonians.ruler6,Thurimachus,6,"Sicyoniorum VII, THURIMACHUS, annis XLV"
urn:cite:chron:j-sicyonians.ruler7,Leucippus,7,"Sicyoniorum VIII, LEUCIPPUS annis LIII"
urn:cite:chron:j-sicyonians.ruler8,Messapus,8,"Sicyoniorum IX, MESSAPUS, annis XLVII."
urn:cite:chron:j-sicyonians.ruler9,Eratus,9,"Sicyoniorum X, ERATUS, annis XLVI."
urn:cite:chron:j-sicyonians.ruler10,Plemnaeus,10,"Sicyoniorum XI, PLEMNAEUS, annis XXXXVIII"
urn:cite:chron:j-sicyonians.ruler11,Orthopolis,11,"Sicyoniorum XII, ORTHOPOLIS annis LXIII"
urn:cite:chron:j-sicyonians.ruler12,Marathius,12,"Sicyoniorum XIII MARATHIUS annis XXX"
urn:cite:chron:j-sicyonians.ruler13,Marathus,13,"Sicyoniorum XIV. MARATHUS, annis XX"
urn:cite:chron:j-sicyonians.ruler14,Echyreus,14,"Sicyoniorum XV, ECHYREUS, annis LV"
urn:cite:chron:j-sicyonians.ruler15,Corax,15,"Sicyoniorum XVI, CORAX, annis XXX."
urn:cite:chron:j-sicyonians.ruler16,Epopeus,16,"Sicyoniorum XVII, EPOPEUS, annis XXXV."
urn:cite:chron:j-sicyonians.ruler17,Laomedon,17,"Sicyoniorum XVIII, LAOMEDON, (annis) XL."
urn:cite:chron:j-sicyonians.ruler18,Sicyon,18,"Sicyoniorum XIX, SICYON, annis XLV.a quo Sicyonii nuncupati sunt qui primo Aegialaei vocabantur."
urn:cite:chron:j-sicyonians.ruler19,Polybus,19,"Sicyoniorum XX, POLYBUS, annis XL."
urn:cite:chron:j-sicyonians.ruler20,Inachus,20,"Sicyoniorum XXI, INACHUS, annis XLII."
urn:cite:chron:j-sicyonians.ruler21,Phaestus,21,"Sicyoniorum XXII, PHAESTUS, annis VIII"
urn:cite:chron:j-sicyonians.ruler22,Adrastus,22,"Post quem XXIII, ADRASTUS, annis IV"
urn:cite:chron:j-sicyonians.ruler23,Polyphides,23,"Sicyoniorum XXIV, POLYPHIDES, annis XXXI."
urn:cite:chron:j-sicyonians.ruler24,(Success to POLYPHIDES?),24,""
urn:cite:chron:j-sicyonians.ruler25,Zeusippus,25,"Post quem, XXVI, ZEUSIPPUS, annis XXXI."
urn:cite:chron:j-syria-asia.ruler1,Antigonus,1,"Asiae regnat ANTIGONUS, annis XVIII."
urn:cite:chron:j-syria-asia.ruler2,Seleucus Nicanor,2,"Syriae et Babyloniae, et superiorum locorum, regnavit SELEUCUS NICANOR, annis XXXII."
urn:cite:chron:j-syria-asia.ruler3,Demetrius Poliorcetes,3,"Asiae DEMETRIUS, qui et Poliorcetes, annis XVII"
urn:cite:chron:j-syria-asia.ruler4,Antiochus Soter,4,"Syriae et Asiae post Seleucum regnavit ANTIOCHUS SOTER, annis XIX."
urn:cite:chron:j-syria-asia.ruler5,Antiochus Theos,5,"Syriae ANTIOCHUS, qui vocabatur Theos, annis XV."
urn:cite:chron:j-syria-asia.ruler6,Seleucus Callinicus,6,"Syriae SELEUCUS CALLINICUS, annis XX."
urn:cite:chron:j-syria-asia.ruler7,Selecus the Thunderbolt,7,"Syriae, SELEUCUS CERAUNUS, annis III."
urn:cite:chron:j-syria-asia.ruler8,Antiochus the Great,8,"ANTIOCHUS MAGNUS, annis XXXVI"
urn:cite:chron:j-syria-asia.ruler9,Seleucus Philopator,9,"Syriae et Asiae, SELEUCUS qui et PHILOPATOR, annis XII"
urn:cite:chron:j-syria-asia.ruler10,Antiochus Eupator,10,"Syriae et Asiae, ANTIOCHUS EUPATOR, annis II."
urn:cite:chron:j-syria-asia.ruler11,Demetrius Soter,11,"DEMETRIUS SOTER, annis XII."
urn:cite:chron:j-syria-asia.ruler12,Alexander,12,"Syriae et Asiae, ALEXANDER, annis IX, menses X"
urn:cite:chron:j-syria-asia.ruler13,Demetrius,13,"Syriae et Asiae, DEMETRIUS, annis III."
urn:cite:chron:j-syria-asia.ruler14,Antiochus Sidetes,14,"Post quem ANTIOCHUS SIDETES, annis IX."
urn:cite:chron:j-syria-asia.ruler15,Demetrius (again),15,"Post quem DEMETRIUS iterum, annis IV"
urn:cite:chron:j-syria-asia.ruler16,Antiochus Grypus,16,"Syriae et Asiae, ANTIOCHUS GRYPUS, annis XII"
urn:cite:chron:j-syria-asia.ruler17,Antiochus of Cyzicus,17,"Post quem ANTIOCHUS CYZICENUS, annis XVIII"
urn:cite:chron:j-syria-asia.ruler18,Philip,18,"Syriae PHILIPPUS, annis II"
